<?xml version="1.0" encoding="UTF-8"?>
<beans xmlns="http://www.springframework.org/schema/beans"
       xmlns:tx="http://www.springframework.org/schema/tx"
       xmlns:xsi="http://www.w3.org/2001/XMLSchema-instance"
       xmlns:context="http://www.springframework.org/schema/context"
       xmlns:aop="http://www.springframework.org/schema/aop"
       xsi:schemaLocation="http://www.springframework.org/schema/beans
                           http://www.springframework.org/schema/beans/spring-beans-3.0.xsd
                           http://www.springframework.org/schema/tx
                           http://www.springframework.org/schema/tx/spring-tx-3.0.xsd
                           http://www.springframework.org/schema/context
                           http://www.springframework.org/schema/context/spring-context-3.0.xsd
			   http://www.springframework.org/schema/aop 
			   http://www.springframework.org/schema/aop/spring-aop-3.0.xsd">

<tx:annotation-driven/>

<aop:aspectj-autoproxy/>  

<context:component-scan base-package="com.webforefront.aop"/>

<bean id="loggingDAOAspect" class="com.webforefront.aop.DAOInterceptor"/>

<bean id="cacheAspect" class="com.webforefront.aop.CacheHibernateInterceptor"/>


   <bean id="playerService"     
         class="com.webforefront.jpa.service.PlayerDAO">
     <property name="entityManagerFactory" ref="entityManagerFactory"/>
   </bean>

   <bean id="entityManagerFactory"      
         class="org.springframework.orm.jpa.LocalContainerEntityManagerFactoryBean">
     <property name="dataSource" ref="dataSource"/>
     <property name="jpaVendorAdapter">
      <bean  
         class="org.springframework.orm.jpa.vendor.HibernateJpaVendorAdapter">
            <property name="showSql" value="true"/>
            <property name="generateDdl" value="false"/>
            <property name="databasePlatform" value="org.hibernate.dialect.MySQL5Dialect"/>
      </bean>
     </property>
<!-- NO WEAVER FOR HIBERNATE - NOT NEEDED -INCLUSIVELY OTHERWISE THROWS ERROR -->  
<!-- 
     <property name="loadTimeWeaver">
       <bean class="org.springframework.instrument.classloading.ReflectiveLoadTimeWeaver"/>
     </property>
      <property name="loadTimeWeaver"> 
      <bean 
         class="org.springframework.instrument.classloading.SimpleLoadTimeWeaver"/>
     </property>-->
   </bean>
   

   <bean id="dataSource" class="org.springframework.jndi.JndiObjectFactoryBean">
      <property name="jndiName" value="java:comp/env/jdbc/jpaperformance"/>
   </bean>

   <bean id="transactionManager" class="org.springframework.orm.jpa.JpaTransactionManager">
      <property name="entityManagerFactory" ref="entityManagerFactory"/>
      <property name="dataSource" ref="dataSource"/>
   </bean>
</beans>

