<?xml version="1.0" encoding="UTF-8"?>

<configuration>

    <appender name="CONSOLE" class="ch.qos.logback.core.ConsoleAppender">
        <encoder>
            <pattern>%d %5p | %t | %-55logger{55} | %m | %n</pattern>
            <charset>UTF-8</charset>
        </encoder>
    </appender>

    <logger name="org.springframework.integration">
        <level value="INFO" />
    </logger>

    <logger name="org.springframework">
        <level value="INFO" />
    </logger>
        <logger name="org.springframework.web">
        <level value="INFO" />
    </logger>
    <logger name="org.atmosphere">
        <level value="DEBUG" />
    </logger>
    <logger name="org.springframework.integration.asynchttp.outbound">
        <level value="DEBUG" />
    </logger>
    <logger name="org.atmosphere.cpr">
        <level value="DEBUG" />
    </logger>

    <root>
        <level value="INFO" />
        <appender-ref ref="CONSOLE" />
    </root>

</configuration>
