<?xml version="1.0" encoding="UTF-8"?>
<beans xmlns="http://www.springframework.org/schema/beans"
       xmlns:xsi="http://www.w3.org/2001/XMLSchema-instance"
       xmlns:context="http://www.springframework.org/schema/context"
       xsi:schemaLocation="http://www.springframework.org/schema/beans
                           http://www.springframework.org/schema/beans/spring-beans-3.0.xsd
                           http://www.springframework.org/schema/context
                           http://www.springframework.org/schema/context/spring-context-3.0.xsd">

<context:component-scan base-package="com.webforefront.jpa.mvc"/>

<bean id="urlMapper" class="org.springframework.web.servlet.handler.SimpleUrlHandlerMapping">
        <property name="mappings">
         <props>
          <prop key="/**">baseballController</prop>
         </props>
        </property>
</bean>

<bean id="jspViewResolver" class="org.springframework.web.servlet.view.InternalResourceViewResolver">
      <property name="viewClass" value="org.springframework.web.servlet.view.JstlView"/>
                <property name="prefix" value="/jsp/"/>
                <property name="suffix" value=".jsp"/>
</bean>

</beans>
