<?xml version="1.0" encoding="UTF-8"?>
<beans xmlns:xsi="http://www.w3.org/2001/XMLSchema-instance"
	xmlns="http://www.springframework.org/schema/beans"
	xmlns:mvc="http://www.springframework.org/schema/mvc"
	xmlns:context="http://www.springframework.org/schema/context"
	xmlns:task="http://www.springframework.org/schema/task"
	xsi:schemaLocation="http://www.springframework.org/schema/mvc http://www.springframework.org/schema/mvc/spring-mvc-3.1.xsd
		http://www.springframework.org/schema/task http://www.springframework.org/schema/task/spring-task-3.1.xsd
		http://www.springframework.org/schema/beans http://www.springframework.org/schema/beans/spring-beans-3.1.xsd
		http://www.springframework.org/schema/context http://www.springframework.org/schema/context/spring-context-3.1.xsd">

	<!-- DispatcherServlet Context: defines this servlet's request-processing
		infrastructure -->

	<context:component-scan base-package="org.springframework.mvc.samples.atmosphere" />

	<!-- Enables the Spring MVC @Controller programming model -->
	<mvc:annotation-driven>
		<mvc:argument-resolvers>
			<bean
				class="org.springframework.mvc.samples.atmosphere.support.AtmosphereArgumentResolver" />
		</mvc:argument-resolvers>
	</mvc:annotation-driven>

	<!-- Handles HTTP GET requests for /resources/** by efficiently serving
		up static resources in the ${webappRoot}/resources directory -->
	<mvc:resources mapping="/css/**" location="/css/" />
	<mvc:resources mapping="/js/**" location="/js/" />

	<!-- Resolves views selected for rendering by @Controllers to .jsp resources
		in the /WEB-INF/views directory -->
	<bean
		class="org.springframework.web.servlet.view.InternalResourceViewResolver">
		<property name="prefix" value="/WEB-INF/views/" />
		<property name="suffix" value=".jsp" />
	</bean>

	<!-- Imports user-defined @Controller beans that process client requests -->
<!-- 	<beans:import resource="controllers.xml" />
 -->

 	<bean id="jsonConverter" class="org.springframework.http.converter.json.MappingJacksonHttpMessageConverter">
		<property name="supportedMediaTypes" value="application/json" />
		<property name="objectMapper" ref="jaxbJacksonObjectMapper" />
	</bean>

	<bean id="jaxbJacksonObjectMapper" class="org.springframework.mvc.samples.atmosphere.support.JaxbJacksonObjectMapper" />

<!-- 	<bean class="org.springframework.mvc.samples.atmosphere.service.TwitterService"/>
 -->
<task:executor id="executor" pool-size="5"/>
  <task:scheduler id="scheduler" pool-size="5"/>
  <task:annotation-driven scheduler="scheduler" executor="executor"/>

</beans>
